row,method,reps,wall_median_s,wall_q1_s,wall_q3_s,wall_iqr_s,cpsa_share_median,goal_runs,replay_runs
blanchet-fixed,weakest,5,0.3442,0.3435,0.3444,0.0009,0.976,6,13
blanchet-fixed,weakest_shrink,5,0.3108,0.2986,0.3133,0.0147,0.975,6,11
blanchet-fixed,exhaustive_B1,5,0.2868,0.2842,0.2879,0.0036,0.973,16,0
blanchet-fixed,levelwise_B2,5,0.2912,0.2882,0.2956,0.0073,0.973,16,0
blanchet-fixed,greedy_B3,5,0.0907,0.0870,0.0924,0.0055,0.970,5,0
blanchet,weakest,5,0.2878,0.2870,0.2879,0.0009,0.974,4,12
blanchet,weakest_shrink,5,0.1394,0.1381,0.1400,0.0018,0.976,3,5
blanchet,exhaustive_B1,5,0.2845,0.2812,0.2868,0.0056,0.972,16,0
blanchet,levelwise_B2,5,0.2862,0.2859,0.2863,0.0005,0.972,16,0
blanchet,greedy_B3,5,0.0182,0.0181,0.0184,0.0004,0.973,1,0
denning-sacco,weakest,5,0.9113,0.8716,0.9131,0.0415,0.979,3,37
denning-sacco,weakest_shrink,5,1.3031,1.3030,1.3046,0.0016,0.991,4,11
denning-sacco,exhaustive_B1,5,0.8595,0.8520,0.8617,0.0097,0.963,32,0
denning-sacco,levelwise_B2,5,0.3611,0.3567,0.3678,0.0111,0.957,17,0
denning-sacco,greedy_B3,5,0.1731,0.1705,0.1860,0.0155,0.964,6,0
isofix,weakest,5,0.1083,0.1069,0.1083,0.0014,0.976,2,4
isofix,weakest_shrink,5,0.1265,0.1252,0.1281,0.0028,0.975,3,4
isofix,exhaustive_B1,5,0.2806,0.2763,0.2887,0.0125,0.972,16,0
isofix,levelwise_B2,5,0.1572,0.1566,0.1637,0.0071,0.974,9,0
isofix,greedy_B3,5,0.0901,0.0886,0.0919,0.0033,0.972,5,0
isoreject,weakest,5,0.1607,0.1602,0.1616,0.0014,0.976,2,7
isoreject,weakest_shrink,5,0.1080,0.1045,0.1105,0.0060,0.976,2,4
isoreject,exhaustive_B1,5,0.2850,0.2849,0.2877,0.0028,0.971,16,0
isoreject,levelwise_B2,5,0.2924,0.2883,0.2927,0.0044,0.970,16,0
isoreject,greedy_B3,5,0.0187,0.0183,0.0188,0.0006,0.966,1,0
kerberos-key,weakest,5,0.7341,0.7247,0.7361,0.0114,0.984,4,16
kerberos-key,weakest_shrink,5,1.1846,1.1836,1.1867,0.0031,0.987,5,12
kerberos-key,exhaustive_B1,5,1.1262,1.1236,1.1320,0.0084,0.980,16,0
kerberos-key,levelwise_B2,5,0.3660,0.3594,0.3680,0.0086,0.975,13,0
kerberos-key,greedy_B3,5,0.6654,0.6611,0.6663,0.0052,0.983,5,0
kerberos-names,weakest,5,0.9398,0.9301,0.9420,0.0119,0.987,4,20
kerberos-names,weakest_shrink,5,0.7913,0.7865,0.8031,0.0166,0.986,3,6
kerberos-names,exhaustive_B1,5,1.1378,1.1233,1.1464,0.0232,0.980,16,0
kerberos-names,levelwise_B2,5,1.1366,1.1238,1.1645,0.0407,0.981,16,0
kerberos-names,greedy_B3,5,0.3215,0.3205,0.3222,0.0016,0.983,1,0
neuman-stubblebine,weakest,5,0.3645,0.3591,0.3799,0.0208,0.981,3,13
neuman-stubblebine,weakest_shrink,5,0.3925,0.3913,0.3962,0.0049,0.980,4,13
neuman-stubblebine,exhaustive_B1,5,0.7412,0.7362,0.7493,0.0132,0.974,32,0
neuman-stubblebine,levelwise_B2,5,0.4536,0.4477,0.4596,0.0119,0.973,25,0
neuman-stubblebine,greedy_B3,5,0.1686,0.1665,0.1690,0.0025,0.974,6,0
otway-rees-neq,weakest,5,1.4190,1.4050,1.4385,0.0335,0.983,4,47
otway-rees-neq,weakest_shrink,5,1.4229,1.4182,1.4333,0.0151,0.983,5,47
otway-rees-neq,exhaustive_B1,5,0.6524,0.6505,0.6699,0.0194,0.981,16,0
otway-rees-neq,levelwise_B2,5,0.6229,0.6181,0.6297,0.0116,0.981,15,0
otway-rees-neq,greedy_B3,5,0.1927,0.1888,0.1938,0.0050,0.979,5,0
otway-rees,weakest,5,1.2657,1.2421,1.2683,0.0262,0.985,2,37
otway-rees,weakest_shrink,5,0.2553,0.2540,0.2585,0.0045,0.987,2,4
otway-rees,exhaustive_B1,5,0.8419,0.8398,0.8544,0.0146,0.982,16,0
otway-rees,levelwise_B2,5,0.8459,0.8418,0.8650,0.0231,0.983,16,0
otway-rees,greedy_B3,5,0.0570,0.0564,0.0572,0.0008,0.982,1,0
pkinit-fix2,weakest,5,0.0731,0.0722,0.0735,0.0013,0.976,2,2
pkinit-fix2,weakest_shrink,5,0.0915,0.0905,0.0945,0.0040,0.972,3,2
pkinit-fix2,exhaustive_B1,5,0.0737,0.0734,0.0743,0.0010,0.970,4,0
pkinit-fix2,levelwise_B2,5,0.0558,0.0556,0.0563,0.0007,0.974,3,0
pkinit-fix2,greedy_B3,5,0.0560,0.0554,0.0572,0.0018,0.966,3,0
pkinit-flawed,weakest,5,0.0909,0.0861,0.0909,0.0048,0.975,2,3
pkinit-flawed,weakest_shrink,5,0.0716,0.0701,0.0735,0.0033,0.976,2,2
pkinit-flawed,exhaustive_B1,5,0.0729,0.0727,0.0731,0.0004,0.974,4,0
pkinit-flawed,levelwise_B2,5,0.0709,0.0708,0.0714,0.0007,0.973,4,0
pkinit-flawed,greedy_B3,5,0.0170,0.0170,0.0181,0.0011,0.974,1,0
yahalom,weakest,5,0.3300,0.3272,0.3308,0.0035,0.979,3,10
yahalom,weakest_shrink,5,0.4662,0.4577,0.4708,0.0131,0.978,4,10
yahalom,exhaustive_B1,5,0.6856,0.6843,0.6902,0.0060,0.974,16,0
yahalom,levelwise_B2,5,0.2821,0.2775,0.2866,0.0091,0.971,13,0
yahalom,greedy_B3,5,0.4477,0.4468,0.4488,0.0020,0.975,5,0
