row,n_U,U,points,monotone,W_exh,A_exh,n_W,n_A,N,lattice_cpsa_s,lattice_max_run_s,asfound_W,asfound_H,asfound_agrees,asfound_H_eq_A,asfound_distinct,asfound_queries,asfound_shrink_calls,asfound_goal_runs,asfound_replay_runs,asfound_rejected,asfound_ill_formed,asfound_distinct_le_N,asfound_cpsa_s,asfound_wall_s,shrink_W,shrink_H,shrink_agrees,shrink_H_eq_A,shrink_distinct,shrink_queries,shrink_shrink_calls,shrink_goal_runs,shrink_replay_runs,shrink_rejected,shrink_ill_formed,shrink_distinct_le_N,shrink_cpsa_s,shrink_wall_s,b2_found_eq_W,b2_calls,b3_answer,b3_in_W,b3_calls,error
blanchet-fixed,4,non_privk_a non_privk_b uniq_s uniq_d,16,yes,{non_privk_a non_privk_b uniq_d uniq_s},{non_privk_a};{non_privk_b};{uniq_d};{uniq_s},1,4,5,0.3145,0.0562,{non_privk_a non_privk_b uniq_d uniq_s},{non_privk_a};{non_privk_b};{uniq_d};{uniq_s},yes,yes,6,6,0,6,13,2,0,no,0.3250,0.3370,{non_privk_a non_privk_b uniq_d uniq_s},{non_privk_a};{non_privk_b};{uniq_d};{uniq_s},yes,yes,6,5,2,6,11,2,0,no,0.2923,0.3002,yes,16,{non_privk_a non_privk_b uniq_d uniq_s},yes,5,
blanchet,4,non_privk_a non_privk_b uniq_s uniq_d,16,yes,[],{},0,1,1,0.2763,0.0195,[],{},yes,yes,4,4,0,4,12,2,0,no,0.2758,0.2836,[],{},yes,yes,3,1,2,3,5,2,0,no,0.1351,0.1383,yes,16,none,yes,1,
denning-sacco,5,non_privk_a non_privk_b non_privk_ks uniq_k uniq_ta,32,yes,{non_privk_a},{non_privk_a},1,1,2,0.7895,0.0426,{non_privk_a},{non_privk_a},yes,yes,3,4,0,3,37,0,0,no,0.8448,0.8614,{non_privk_a},{non_privk_a},yes,yes,4,2,2,4,11,0,0,no,1.3159,1.3269,yes,17,{non_privk_a},yes,6,
isofix,4,non_privk_a non_privk_b uniq_na uniq_nc,16,yes,{non_privk_a},{non_privk_a},1,1,2,0.2685,0.0179,{non_privk_a},{non_privk_a},yes,yes,2,2,0,2,4,0,0,yes,0.1020,0.1040,{non_privk_a},{non_privk_a},yes,yes,3,2,1,3,4,0,0,no,0.1206,0.1235,yes,9,{non_privk_a},yes,5,
isoreject,4,non_privk_a non_privk_b uniq_na uniq_nc,16,yes,[],{},0,1,1,0.2754,0.0191,[],{},yes,yes,2,2,0,2,7,0,0,no,0.1502,0.1538,[],{},yes,yes,2,1,1,2,4,0,0,no,0.1004,0.1031,yes,16,none,yes,1,
kerberos-key,4,non_ltk_aks non_ltk_bks uniq_t uniq_tp,16,yes,{non_ltk_aks non_ltk_bks},{non_ltk_aks};{non_ltk_bks},1,2,3,1.0980,0.3110,{non_ltk_aks non_ltk_bks},{non_ltk_aks};{non_ltk_bks},yes,yes,4,4,0,4,16,0,0,no,0.7351,0.7466,{non_ltk_aks non_ltk_bks},{non_ltk_aks};{non_ltk_bks},yes,yes,5,3,2,5,12,0,0,no,1.1711,1.1861,yes,13,{non_ltk_aks non_ltk_bks},yes,5,
kerberos-names,4,non_ltk_aks non_ltk_bks uniq_t uniq_tp,16,yes,[],{},0,1,1,1.1083,0.3117,[],{},yes,yes,4,4,0,4,20,0,0,no,0.9239,0.9366,[],{},yes,yes,3,1,2,3,6,0,0,no,0.7736,0.7834,yes,16,none,yes,1,
neuman-stubblebine,5,non_ltk_aks non_ltk_bks uniq_ra uniq_rb uniq_tb,32,yes,{non_ltk_aks non_ltk_bks},{non_ltk_aks};{non_ltk_bks},1,2,3,0.7349,0.0544,{non_ltk_aks non_ltk_bks},{non_ltk_aks};{non_ltk_bks},yes,yes,3,3,0,3,13,1,0,yes,0.3760,0.3844,{non_ltk_aks non_ltk_bks},{non_ltk_aks};{non_ltk_bks},yes,yes,4,3,1,4,13,1,0,no,0.4084,0.4171,yes,25,{non_ltk_aks non_ltk_bks},yes,6,
otway-rees-neq,4,non_ltk_as non_ltk_bs uniq_m uniq_nb,16,yes,{non_ltk_as non_ltk_bs uniq_nb},{non_ltk_as};{non_ltk_bs};{uniq_nb},1,3,4,0.6366,0.1181,{non_ltk_as non_ltk_bs uniq_nb},{non_ltk_as};{non_ltk_bs};{uniq_nb},yes,yes,4,4,0,4,47,16,0,yes,1.3690,1.3930,{non_ltk_as non_ltk_bs uniq_nb},{non_ltk_as};{non_ltk_bs};{uniq_nb},yes,yes,5,4,1,5,47,16,0,no,1.4381,1.4656,yes,15,{non_ltk_as non_ltk_bs uniq_nb},yes,5,
otway-rees,4,non_ltk_as non_ltk_bs uniq_m uniq_nb,16,yes,[],{},0,1,1,0.8301,0.1400,[],{},yes,yes,2,2,0,2,37,8,0,no,1.2520,1.2710,[],{},yes,yes,2,1,1,2,4,0,0,no,0.2454,0.2488,yes,16,none,yes,1,
pkinit-fix2,2,non_as non_c,4,yes,{non_as},{non_as},1,1,2,0.0647,0.0169,{non_as},{non_as},yes,yes,2,2,0,2,2,0,0,yes,0.0641,0.0657,{non_as},{non_as},yes,yes,3,2,1,3,2,0,0,no,0.0811,0.0833,yes,3,{non_as},yes,3,
pkinit-flawed,2,non_as non_c,4,yes,[],{},0,1,1,0.0684,0.0171,[],{},yes,yes,2,2,0,2,3,0,0,no,0.0843,0.0861,[],{},yes,yes,2,1,1,2,2,0,0,no,0.0661,0.0676,yes,4,none,yes,1,
yahalom,4,non_ltk_ac non_ltk_bc uniq_na uniq_nb,16,yes,{non_ltk_ac non_ltk_bc},{non_ltk_ac};{non_ltk_bc},1,2,3,0.6550,0.2215,{non_ltk_ac non_ltk_bc},{non_ltk_ac};{non_ltk_bc},yes,yes,3,3,0,3,10,0,0,yes,0.3200,0.3275,{non_ltk_ac non_ltk_bc},{non_ltk_ac};{non_ltk_bc},yes,yes,4,3,1,4,10,0,0,no,0.4561,0.4661,yes,13,{non_ltk_ac non_ltk_bc},yes,5,
