row,method,rep,wall_s,cpsa_s,cpsa_share,goal_runs,replay_runs
blanchet-fixed,weakest,1,0.3442,0.3358,0.976,6,13
blanchet-fixed,weakest_shrink,1,0.3108,0.3030,0.975,6,11
blanchet-fixed,exhaustive_B1,1,0.2926,0.2840,0.970,16,0
blanchet-fixed,levelwise_B2,1,0.2882,0.2803,0.973,16,0
blanchet-fixed,greedy_B3,1,0.0907,0.0880,0.970,5,0
blanchet-fixed,weakest,2,0.3417,0.3330,0.974,6,13
blanchet-fixed,weakest_shrink,2,0.3134,0.3057,0.975,6,11
blanchet-fixed,exhaustive_B1,2,0.2868,0.2792,0.973,16,0
blanchet-fixed,levelwise_B2,2,0.2912,0.2830,0.972,16,0
blanchet-fixed,greedy_B3,2,0.0924,0.0898,0.972,5,0
blanchet-fixed,weakest,3,0.3444,0.3358,0.975,6,13
blanchet-fixed,weakest_shrink,3,0.3133,0.3053,0.975,6,11
blanchet-fixed,exhaustive_B1,3,0.2831,0.2749,0.971,16,0
blanchet-fixed,levelwise_B2,3,0.2987,0.2907,0.973,16,0
blanchet-fixed,greedy_B3,3,0.0935,0.0908,0.971,5,0
blanchet-fixed,weakest,4,0.3435,0.3351,0.976,6,13
blanchet-fixed,weakest_shrink,4,0.2986,0.2895,0.969,6,11
blanchet-fixed,exhaustive_B1,4,0.2879,0.2802,0.973,16,0
blanchet-fixed,levelwise_B2,4,0.2956,0.2876,0.973,16,0
blanchet-fixed,greedy_B3,4,0.0839,0.0813,0.969,5,0
blanchet-fixed,weakest,5,0.3457,0.3373,0.976,6,13
blanchet-fixed,weakest_shrink,5,0.2942,0.2862,0.973,6,11
blanchet-fixed,exhaustive_B1,5,0.2842,0.2766,0.973,16,0
blanchet-fixed,levelwise_B2,5,0.2671,0.2611,0.978,16,0
blanchet-fixed,greedy_B3,5,0.0870,0.0840,0.966,5,0
blanchet,weakest,1,0.2879,0.2814,0.977,4,12
blanchet,weakest_shrink,1,0.1328,0.1297,0.977,3,5
blanchet,exhaustive_B1,1,0.2812,0.2739,0.974,16,0
blanchet,levelwise_B2,1,0.2862,0.2784,0.973,16,0
blanchet,greedy_B3,1,0.0182,0.0178,0.974,1,0
blanchet,weakest,2,0.2904,0.2829,0.974,4,12
blanchet,weakest_shrink,2,0.1394,0.1360,0.976,3,5
blanchet,exhaustive_B1,2,0.2880,0.2800,0.972,16,0
blanchet,levelwise_B2,2,0.2859,0.2778,0.972,16,0
blanchet,greedy_B3,2,0.0184,0.0179,0.975,1,0
blanchet,weakest,3,0.2870,0.2801,0.976,4,12
blanchet,weakest_shrink,3,0.1381,0.1345,0.974,3,5
blanchet,exhaustive_B1,3,0.2845,0.2763,0.971,16,0
blanchet,levelwise_B2,3,0.2856,0.2777,0.973,16,0
blanchet,greedy_B3,3,0.0178,0.0173,0.973,1,0
blanchet,weakest,4,0.2856,0.2782,0.974,4,12
blanchet,weakest_shrink,4,0.1400,0.1365,0.976,3,5
blanchet,exhaustive_B1,4,0.2760,0.2683,0.972,16,0
blanchet,levelwise_B2,4,0.2897,0.2816,0.972,16,0
blanchet,greedy_B3,4,0.0184,0.0179,0.970,1,0
blanchet,weakest,5,0.2878,0.2804,0.974,4,12
blanchet,weakest_shrink,5,0.1450,0.1414,0.975,3,5
blanchet,exhaustive_B1,5,0.2868,0.2786,0.971,16,0
blanchet,levelwise_B2,5,0.2863,0.2783,0.972,16,0
blanchet,greedy_B3,5,0.0181,0.0175,0.970,1,0
denning-sacco,weakest,1,0.9113,0.8912,0.978,3,37
denning-sacco,weakest_shrink,1,1.3030,1.2921,0.992,4,11
denning-sacco,exhaustive_B1,1,0.8617,0.8298,0.963,32,0
denning-sacco,levelwise_B2,1,0.3611,0.3454,0.956,17,0
denning-sacco,greedy_B3,1,0.1731,0.1667,0.963,6,0
denning-sacco,weakest,2,0.8699,0.8530,0.981,3,37
denning-sacco,weakest_shrink,2,1.3031,1.2922,0.992,4,11
denning-sacco,exhaustive_B1,2,0.8520,0.8209,0.964,32,0
denning-sacco,levelwise_B2,2,0.3563,0.3412,0.958,17,0
denning-sacco,greedy_B3,2,0.1675,0.1613,0.963,6,0
denning-sacco,weakest,3,0.8716,0.8502,0.975,3,37
denning-sacco,weakest_shrink,3,1.3046,1.2929,0.991,4,11
denning-sacco,exhaustive_B1,3,0.8595,0.8270,0.962,32,0
denning-sacco,levelwise_B2,3,0.3678,0.3520,0.957,17,0
denning-sacco,greedy_B3,3,0.1860,0.1792,0.964,6,0
denning-sacco,weakest,4,0.9276,0.9083,0.979,3,37
denning-sacco,weakest_shrink,4,1.3000,1.2885,0.991,4,11
denning-sacco,exhaustive_B1,4,0.8659,0.8324,0.961,32,0
denning-sacco,levelwise_B2,4,0.3567,0.3412,0.957,17,0
denning-sacco,greedy_B3,4,0.1879,0.1816,0.966,6,0
denning-sacco,weakest,5,0.9131,0.8946,0.980,3,37
denning-sacco,weakest_shrink,5,1.3118,1.3001,0.991,4,11
denning-sacco,exhaustive_B1,5,0.8452,0.8136,0.963,32,0
denning-sacco,levelwise_B2,5,0.3784,0.3623,0.957,17,0
denning-sacco,greedy_B3,5,0.1705,0.1646,0.965,6,0
isofix,weakest,1,0.1098,0.1070,0.975,2,4
isofix,weakest_shrink,1,0.1315,0.1282,0.975,3,4
isofix,exhaustive_B1,1,0.2952,0.2870,0.972,16,0
isofix,levelwise_B2,1,0.1658,0.1617,0.975,9,0
isofix,greedy_B3,1,0.0931,0.0905,0.972,5,0
isofix,weakest,2,0.1069,0.1043,0.975,2,4
isofix,weakest_shrink,2,0.1252,0.1220,0.974,3,4
isofix,exhaustive_B1,2,0.2762,0.2686,0.972,16,0
isofix,levelwise_B2,2,0.1572,0.1531,0.974,9,0
isofix,greedy_B3,2,0.0919,0.0893,0.971,5,0
isofix,weakest,3,0.1083,0.1056,0.976,2,4
isofix,weakest_shrink,3,0.1281,0.1249,0.975,3,4
isofix,exhaustive_B1,3,0.2806,0.2730,0.973,16,0
isofix,levelwise_B2,3,0.1566,0.1529,0.976,9,0
isofix,greedy_B3,3,0.0901,0.0877,0.974,5,0
isofix,weakest,4,0.1030,0.1008,0.978,2,4
isofix,weakest_shrink,4,0.1265,0.1234,0.975,3,4
isofix,exhaustive_B1,4,0.2763,0.2685,0.972,16,0
isofix,levelwise_B2,4,0.1558,0.1517,0.974,9,0
isofix,greedy_B3,4,0.0886,0.0862,0.972,5,0
isofix,weakest,5,0.1083,0.1057,0.976,2,4
isofix,weakest_shrink,5,0.1219,0.1188,0.975,3,4
isofix,exhaustive_B1,5,0.2887,0.2808,0.972,16,0
isofix,levelwise_B2,5,0.1637,0.1593,0.973,9,0
isofix,greedy_B3,5,0.0872,0.0846,0.970,5,0
isoreject,weakest,1,0.1525,0.1489,0.976,2,7
isoreject,weakest_shrink,1,0.1035,0.1010,0.976,2,4
isoreject,exhaustive_B1,1,0.2849,0.2773,0.973,16,0
isoreject,levelwise_B2,1,0.2858,0.2779,0.972,16,0
isoreject,greedy_B3,1,0.0183,0.0177,0.967,1,0
isoreject,weakest,2,0.1607,0.1572,0.978,2,7
isoreject,weakest_shrink,2,0.1045,0.1022,0.978,2,4
isoreject,exhaustive_B1,2,0.2848,0.2766,0.971,16,0
isoreject,levelwise_B2,2,0.2883,0.2798,0.970,16,0
isoreject,greedy_B3,2,0.0188,0.0181,0.964,1,0
isoreject,weakest,3,0.1602,0.1562,0.975,2,7
isoreject,weakest_shrink,3,0.1105,0.1075,0.973,2,4
isoreject,exhaustive_B1,3,0.2877,0.2792,0.970,16,0
isoreject,levelwise_B2,3,0.2938,0.2846,0.969,16,0
isoreject,greedy_B3,3,0.0187,0.0181,0.969,1,0
isoreject,weakest,4,0.1616,0.1577,0.976,2,7
isoreject,weakest_shrink,4,0.1080,0.1049,0.972,2,4
isoreject,exhaustive_B1,4,0.2850,0.2766,0.971,16,0
isoreject,levelwise_B2,4,0.2924,0.2838,0.971,16,0
isoreject,greedy_B3,4,0.0163,0.0157,0.960,1,0
isoreject,weakest,5,0.1657,0.1618,0.977,2,7
isoreject,weakest_shrink,5,0.1120,0.1093,0.976,2,4
isoreject,exhaustive_B1,5,0.2975,0.2884,0.969,16,0
isoreject,levelwise_B2,5,0.2927,0.2839,0.970,16,0
isoreject,greedy_B3,5,0.0198,0.0191,0.966,1,0
kerberos-key,weakest,1,0.7247,0.7139,0.985,4,16
kerberos-key,weakest_shrink,1,1.1788,1.1630,0.987,5,12
kerberos-key,exhaustive_B1,1,1.1236,1.1020,0.981,16,0
kerberos-key,levelwise_B2,1,0.3660,0.3559,0.972,13,0
kerberos-key,greedy_B3,1,0.6611,0.6501,0.983,5,0
kerberos-key,weakest,2,0.7207,0.7087,0.983,4,16
kerberos-key,weakest_shrink,2,1.1836,1.1674,0.986,5,12
kerberos-key,exhaustive_B1,2,1.1320,1.1091,0.980,16,0
kerberos-key,levelwise_B2,2,0.3720,0.3631,0.976,13,0
kerberos-key,greedy_B3,2,0.6663,0.6553,0.984,5,0
kerberos-key,weakest,3,0.7341,0.7223,0.984,4,16
kerberos-key,weakest_shrink,3,1.1867,1.1709,0.987,5,12
kerberos-key,exhaustive_B1,3,1.1262,1.1039,0.980,16,0
kerberos-key,levelwise_B2,3,0.3680,0.3584,0.974,13,0
kerberos-key,greedy_B3,3,0.6654,0.6542,0.983,5,0
kerberos-key,weakest,4,0.7361,0.7246,0.984,4,16
kerberos-key,weakest_shrink,4,1.2061,1.1899,0.987,5,12
kerberos-key,exhaustive_B1,4,1.1449,1.1224,0.980,16,0
kerberos-key,levelwise_B2,4,0.3594,0.3503,0.975,13,0
kerberos-key,greedy_B3,4,0.6695,0.6581,0.983,5,0
kerberos-key,weakest,5,0.7494,0.7266,0.970,4,16
kerberos-key,weakest_shrink,5,1.1846,1.1687,0.987,5,12
kerberos-key,exhaustive_B1,5,1.1226,1.1012,0.981,16,0
kerberos-key,levelwise_B2,5,0.3549,0.3459,0.975,13,0
kerberos-key,greedy_B3,5,0.6531,0.6426,0.984,5,0
kerberos-names,weakest,1,0.9212,0.9096,0.987,4,20
kerberos-names,weakest_shrink,1,0.7913,0.7803,0.986,3,6
kerberos-names,exhaustive_B1,1,1.1233,1.1006,0.980,16,0
kerberos-names,levelwise_B2,1,1.1902,1.1677,0.981,16,0
kerberos-names,greedy_B3,1,0.3222,0.3155,0.979,1,0
kerberos-names,weakest,2,0.9732,0.9589,0.985,4,20
kerberos-names,weakest_shrink,2,0.8031,0.7924,0.987,3,6
kerberos-names,exhaustive_B1,2,1.2087,1.1851,0.980,16,0
kerberos-names,levelwise_B2,2,1.1645,1.1396,0.979,16,0
kerberos-names,greedy_B3,2,0.3286,0.3229,0.983,1,0
kerberos-names,weakest,3,0.9398,0.9232,0.982,4,20
kerberos-names,weakest_shrink,3,0.8194,0.8082,0.986,3,6
kerberos-names,exhaustive_B1,3,1.1378,1.1158,0.981,16,0
kerberos-names,levelwise_B2,3,1.1238,1.1021,0.981,16,0
kerberos-names,greedy_B3,3,0.3205,0.3151,0.983,1,0
kerberos-names,weakest,4,0.9420,0.9295,0.987,4,20
kerberos-names,weakest_shrink,4,0.7865,0.7747,0.985,3,6
kerberos-names,exhaustive_B1,4,1.1464,1.1238,0.980,16,0
kerberos-names,levelwise_B2,4,1.1168,1.0950,0.980,16,0
kerberos-names,greedy_B3,4,0.3180,0.3125,0.983,1,0
kerberos-names,weakest,5,0.9301,0.9188,0.988,4,20
kerberos-names,weakest_shrink,5,0.7820,0.7720,0.987,3,6
kerberos-names,exhaustive_B1,5,1.1195,1.0977,0.981,16,0
kerberos-names,levelwise_B2,5,1.1366,1.1147,0.981,16,0
kerberos-names,greedy_B3,5,0.3215,0.3156,0.981,1,0
neuman-stubblebine,weakest,1,0.3951,0.3786,0.958,3,13
neuman-stubblebine,weakest_shrink,1,0.4153,0.4063,0.978,4,13
neuman-stubblebine,exhaustive_B1,1,0.7493,0.7302,0.974,32,0
neuman-stubblebine,levelwise_B2,1,0.4477,0.4350,0.972,25,0
neuman-stubblebine,greedy_B3,1,0.1690,0.1647,0.974,6,0
neuman-stubblebine,weakest,2,0.3645,0.3575,0.981,3,13
neuman-stubblebine,weakest_shrink,2,0.3913,0.3833,0.979,4,13
neuman-stubblebine,exhaustive_B1,2,0.7265,0.7078,0.974,32,0
neuman-stubblebine,levelwise_B2,2,0.4476,0.4354,0.973,25,0
neuman-stubblebine,greedy_B3,2,0.1665,0.1622,0.974,6,0
neuman-stubblebine,weakest,3,0.3586,0.3518,0.981,3,13
neuman-stubblebine,weakest_shrink,3,0.3879,0.3803,0.980,4,13
neuman-stubblebine,exhaustive_B1,3,0.7412,0.7225,0.975,32,0
neuman-stubblebine,levelwise_B2,3,0.4716,0.4571,0.969,25,0
neuman-stubblebine,greedy_B3,3,0.1653,0.1610,0.974,6,0
neuman-stubblebine,weakest,4,0.3799,0.3726,0.981,3,13
neuman-stubblebine,weakest_shrink,4,0.3962,0.3881,0.980,4,13
neuman-stubblebine,exhaustive_B1,4,0.7362,0.7160,0.973,32,0
neuman-stubblebine,levelwise_B2,4,0.4536,0.4415,0.973,25,0
neuman-stubblebine,greedy_B3,4,0.1686,0.1643,0.974,6,0
neuman-stubblebine,weakest,5,0.3591,0.3522,0.981,3,13
neuman-stubblebine,weakest_shrink,5,0.3925,0.3849,0.981,4,13
neuman-stubblebine,exhaustive_B1,5,0.7497,0.7308,0.975,32,0
neuman-stubblebine,levelwise_B2,5,0.4596,0.4471,0.973,25,0
neuman-stubblebine,greedy_B3,5,0.1702,0.1657,0.973,6,0
otway-rees-neq,weakest,1,1.4190,1.3937,0.982,4,47
otway-rees-neq,weakest_shrink,1,1.4333,1.4072,0.982,5,47
otway-rees-neq,exhaustive_B1,1,0.6454,0.6338,0.982,16,0
otway-rees-neq,levelwise_B2,1,0.6181,0.6064,0.981,15,0
otway-rees-neq,greedy_B3,1,0.1766,0.1729,0.979,5,0
otway-rees-neq,weakest,2,1.4019,1.3783,0.983,4,47
otway-rees-neq,weakest_shrink,2,1.4229,1.3973,0.982,5,47
otway-rees-neq,exhaustive_B1,2,0.6505,0.6381,0.981,16,0
otway-rees-neq,levelwise_B2,2,0.6229,0.6116,0.982,15,0
otway-rees-neq,greedy_B3,2,0.1888,0.1848,0.979,5,0
otway-rees-neq,weakest,3,1.4385,1.4129,0.982,4,47
otway-rees-neq,weakest_shrink,3,1.4336,1.4099,0.983,5,47
otway-rees-neq,exhaustive_B1,3,0.6784,0.6653,0.981,16,0
otway-rees-neq,levelwise_B2,3,0.6297,0.6182,0.982,15,0
otway-rees-neq,greedy_B3,3,0.1938,0.1896,0.978,5,0
otway-rees-neq,weakest,4,1.4050,1.3808,0.983,4,47
otway-rees-neq,weakest_shrink,4,1.4182,1.3948,0.983,5,47
otway-rees-neq,exhaustive_B1,4,0.6524,0.6400,0.981,16,0
otway-rees-neq,levelwise_B2,4,0.6339,0.6215,0.980,15,0
otway-rees-neq,greedy_B3,4,0.1927,0.1888,0.979,5,0
otway-rees-neq,weakest,5,1.4405,1.4165,0.983,4,47
otway-rees-neq,weakest_shrink,5,1.4163,1.3924,0.983,5,47
otway-rees-neq,exhaustive_B1,5,0.6699,0.6580,0.982,16,0
otway-rees-neq,levelwise_B2,5,0.6122,0.6009,0.981,15,0
otway-rees-neq,greedy_B3,5,0.1938,0.1898,0.979,5,0
otway-rees,weakest,1,1.2356,1.2165,0.985,2,37
otway-rees,weakest_shrink,1,0.2553,0.2519,0.986,2,4
otway-rees,exhaustive_B1,1,0.8599,0.8451,0.983,16,0
otway-rees,levelwise_B2,1,0.8418,0.8270,0.982,16,0
otway-rees,greedy_B3,1,0.0570,0.0560,0.982,1,0
otway-rees,weakest,2,1.2421,1.2236,0.985,2,37
otway-rees,weakest_shrink,2,0.2585,0.2551,0.987,2,4
otway-rees,exhaustive_B1,2,0.8419,0.8267,0.982,16,0
otway-rees,levelwise_B2,2,0.8367,0.8217,0.982,16,0
otway-rees,greedy_B3,2,0.0652,0.0642,0.985,1,0
otway-rees,weakest,3,1.2683,1.2493,0.985,2,37
otway-rees,weakest_shrink,3,0.2540,0.2505,0.986,2,4
otway-rees,exhaustive_B1,3,0.8309,0.8165,0.983,16,0
otway-rees,levelwise_B2,3,0.8650,0.8499,0.983,16,0
otway-rees,greedy_B3,3,0.0572,0.0561,0.982,1,0
otway-rees,weakest,4,1.2864,1.2636,0.982,2,37
otway-rees,weakest_shrink,4,0.2540,0.2510,0.988,2,4
otway-rees,exhaustive_B1,4,0.8398,0.8243,0.982,16,0
otway-rees,levelwise_B2,4,0.8459,0.8312,0.983,16,0
otway-rees,greedy_B3,4,0.0553,0.0542,0.980,1,0
otway-rees,weakest,5,1.2657,1.2472,0.985,2,37
otway-rees,weakest_shrink,5,0.2696,0.2661,0.987,2,4
otway-rees,exhaustive_B1,5,0.8544,0.8392,0.982,16,0
otway-rees,levelwise_B2,5,0.8810,0.8656,0.983,16,0
otway-rees,greedy_B3,5,0.0564,0.0554,0.982,1,0
pkinit-fix2,weakest,1,0.0740,0.0722,0.976,2,2
pkinit-fix2,weakest_shrink,1,0.0945,0.0919,0.972,3,2
pkinit-fix2,exhaustive_B1,1,0.0705,0.0683,0.968,4,0
pkinit-fix2,levelwise_B2,1,0.0556,0.0541,0.972,3,0
pkinit-fix2,greedy_B3,1,0.0505,0.0488,0.966,3,0
pkinit-fix2,weakest,2,0.0692,0.0674,0.974,2,2
pkinit-fix2,weakest_shrink,2,0.0950,0.0925,0.973,3,2
pkinit-fix2,exhaustive_B1,2,0.0737,0.0715,0.970,4,0
pkinit-fix2,levelwise_B2,2,0.0576,0.0562,0.976,3,0
pkinit-fix2,greedy_B3,2,0.0554,0.0537,0.969,3,0
pkinit-fix2,weakest,3,0.0731,0.0714,0.976,2,2
pkinit-fix2,weakest_shrink,3,0.0905,0.0879,0.971,3,2
pkinit-fix2,exhaustive_B1,3,0.0744,0.0722,0.970,4,0
pkinit-fix2,levelwise_B2,3,0.0558,0.0543,0.975,3,0
pkinit-fix2,greedy_B3,3,0.0560,0.0543,0.969,3,0
pkinit-fix2,weakest,4,0.0735,0.0717,0.976,2,2
pkinit-fix2,weakest_shrink,4,0.0915,0.0889,0.972,3,2
pkinit-fix2,exhaustive_B1,4,0.0734,0.0712,0.971,4,0
pkinit-fix2,levelwise_B2,4,0.0528,0.0513,0.972,3,0
pkinit-fix2,greedy_B3,4,0.0572,0.0551,0.964,3,0
pkinit-fix2,weakest,5,0.0722,0.0705,0.976,2,2
pkinit-fix2,weakest_shrink,5,0.0887,0.0862,0.971,3,2
pkinit-fix2,exhaustive_B1,5,0.0743,0.0722,0.972,4,0
pkinit-fix2,levelwise_B2,5,0.0563,0.0549,0.974,3,0
pkinit-fix2,greedy_B3,5,0.0605,0.0545,0.901,3,0
pkinit-flawed,weakest,1,0.0921,0.0895,0.972,2,3
pkinit-flawed,weakest_shrink,1,0.0735,0.0717,0.975,2,2
pkinit-flawed,exhaustive_B1,1,0.0727,0.0708,0.974,4,0
pkinit-flawed,levelwise_B2,1,0.0714,0.0695,0.973,4,0
pkinit-flawed,greedy_B3,1,0.0167,0.0163,0.974,1,0
pkinit-flawed,weakest,2,0.0909,0.0888,0.977,2,3
pkinit-flawed,weakest_shrink,2,0.0670,0.0653,0.974,2,2
pkinit-flawed,exhaustive_B1,2,0.0680,0.0663,0.974,4,0
pkinit-flawed,levelwise_B2,2,0.0708,0.0689,0.973,4,0
pkinit-flawed,greedy_B3,2,0.0188,0.0183,0.974,1,0
pkinit-flawed,weakest,3,0.0909,0.0888,0.977,2,3
pkinit-flawed,weakest_shrink,3,0.0716,0.0700,0.978,2,2
pkinit-flawed,exhaustive_B1,3,0.0731,0.0713,0.976,4,0
pkinit-flawed,levelwise_B2,3,0.0734,0.0715,0.974,4,0
pkinit-flawed,greedy_B3,3,0.0170,0.0166,0.975,1,0
pkinit-flawed,weakest,4,0.0850,0.0828,0.975,2,3
pkinit-flawed,weakest_shrink,4,0.0742,0.0725,0.977,2,2
pkinit-flawed,exhaustive_B1,4,0.0738,0.0719,0.974,4,0
pkinit-flawed,levelwise_B2,4,0.0709,0.0690,0.973,4,0
pkinit-flawed,greedy_B3,4,0.0181,0.0176,0.973,1,0
pkinit-flawed,weakest,5,0.0861,0.0836,0.970,2,3
pkinit-flawed,weakest_shrink,5,0.0701,0.0685,0.976,2,2
pkinit-flawed,exhaustive_B1,5,0.0729,0.0711,0.975,4,0
pkinit-flawed,levelwise_B2,5,0.0692,0.0676,0.976,4,0
pkinit-flawed,greedy_B3,5,0.0170,0.0166,0.976,1,0
yahalom,weakest,1,0.3272,0.3206,0.980,3,10
yahalom,weakest_shrink,1,0.4528,0.4438,0.980,4,10
yahalom,exhaustive_B1,1,0.6634,0.6461,0.974,16,0
yahalom,levelwise_B2,1,0.2775,0.2697,0.972,13,0
yahalom,greedy_B3,1,0.4405,0.4293,0.975,5,0
yahalom,weakest,2,0.3308,0.3239,0.979,3,10
yahalom,weakest_shrink,2,0.4662,0.4558,0.978,4,10
yahalom,exhaustive_B1,2,0.6984,0.6793,0.973,16,0
yahalom,levelwise_B2,2,0.2765,0.2687,0.972,13,0
yahalom,greedy_B3,2,0.4468,0.4355,0.975,5,0
yahalom,weakest,3,0.3380,0.3302,0.977,3,10
yahalom,weakest_shrink,3,0.4708,0.4611,0.980,4,10
yahalom,exhaustive_B1,3,0.6843,0.6661,0.973,16,0
yahalom,levelwise_B2,3,0.2866,0.2783,0.971,13,0
yahalom,greedy_B3,3,0.4488,0.4376,0.975,5,0
yahalom,weakest,4,0.3224,0.3152,0.978,3,10
yahalom,weakest_shrink,4,0.4864,0.4703,0.967,4,10
yahalom,exhaustive_B1,4,0.6902,0.6722,0.974,16,0
yahalom,levelwise_B2,4,0.2967,0.2882,0.971,13,0
yahalom,greedy_B3,4,0.4575,0.4459,0.975,5,0
yahalom,weakest,5,0.3300,0.3232,0.979,3,10
yahalom,weakest_shrink,5,0.4577,0.4472,0.977,4,10
yahalom,exhaustive_B1,5,0.6856,0.6680,0.974,16,0
yahalom,levelwise_B2,5,0.2821,0.2740,0.971,13,0
yahalom,greedy_B3,5,0.4477,0.4365,0.975,5,0
