id,n,m_raw,seed,H,W,edges,status,trusts,agree,loop_w_equal,loop_h_equal,gadget_distinct,time
fixed-1,4,0,0,3,2,3 0.1 1.2,ok,16,16,1,1,5,0.060
fixed-2,4,0,0,2,3,0 1.2.3,ok,16,16,1,1,5,0.006
fixed-3,4,0,0,2,4,0.1 2.3,ok,16,16,1,1,6,0.006
fixed-4,5,0,0,3,4,0.4 2.3 0.1.2,ok,32,32,1,1,7,0.204
fixed-5,5,0,0,4,4,0.3 2.3 3.4 0.2.4,ok,32,32,1,1,8,5.314
rand-n4-s0,4,4,0,2,2,2 1.3,ok,16,16,1,1,4,0.005
rand-n4-s1,4,4,1,2,3,1.2 0.2.3,ok,16,16,1,1,5,0.007
rand-n4-s2,4,4,2,1,1,3,ok,16,16,1,1,2,0.001
rand-n4-s3,4,4,3,2,2,0 1.2,ok,16,16,1,1,4,0.004
rand-n4-s4,4,4,4,2,2,2 0.1,ok,16,16,1,1,4,0.004
rand-n4-s5,4,4,5,2,3,1.3 0.2.3,ok,16,16,1,1,5,0.007
rand-n4-s6,4,4,6,2,1,1 2,ok,16,16,1,1,3,0.003
rand-n4-s7,4,4,7,2,3,0.3 0.1.2,ok,16,16,1,1,5,0.007
rand-n5-s0,5,4,0,3,2,0 1 2.4,ok,32,32,1,1,5,0.069
rand-n5-s1,5,4,1,3,3,0 1 2.3.4,ok,32,32,1,1,6,0.090
rand-n5-s2,5,4,2,3,3,1.3 0.1.2 1.2.4,ok,32,32,1,1,6,0.246
rand-n5-s3,5,4,3,3,3,2 0.4 1.3.4,ok,32,32,1,1,6,0.131
rand-n5-s4,5,4,4,3,2,0 4 2.3,ok,32,32,1,1,5,0.069
rand-n5-s5,5,4,5,3,5,0.3 0.1.2 1.2.4,ok,32,32,1,1,8,0.260
rand-n5-s6,5,4,6,3,4,0.2 3.4 1.2.4,ok,32,32,1,1,7,0.201
rand-n5-s7,5,4,7,3,3,0 1.3 2.3.4,ok,32,32,1,1,6,0.132
rand-n6-s0,6,4,0,2,2,1 3.4,ok,64,64,1,1,4,0.015
rand-n6-s1,6,4,1,4,1,0 1 3 5,ok,64,64,1,1,5,1.123
rand-n6-s2,6,4,2,2,3,3 1.2.5,ok,64,64,1,1,5,0.018
rand-n6-s3,6,4,3,2,1,3 4,ok,64,64,1,1,3,0.011
rand-n6-s4,6,4,4,3,1,0 2 3,ok,64,64,1,1,4,0.083
rand-n6-s5,6,4,5,3,4,1.5 3.5 0.2.3,ok,64,64,1,1,7,0.390
rand-n6-s6,6,4,6,2,1,0 1,ok,64,64,1,1,3,0.012
rand-n6-s7,6,4,7,1,1,4,ok,64,64,1,1,2,0.003
stress-n6-m6,6,6,0,5,8,0.1 0.5 1.4 0.3.4 2.3.5,ok,64,64,1,1,13,329.012
