family,n,m,seed,table,reps,H,W,calls,wall_median,wall_iqr,oracle_median,blocker_median,peak_heap_mb,walls
dual,4,0,0,0,5,4,2,6,0.000044,0.000006,0.000015,0.000022,4.5,0.000051;0.000036;0.000048;0.000042;0.000044
pairs,4,0,0,0,5,2,4,6,0.000016,0.000003,0.000007,0.000004,4.8,0.000022;0.000016;0.000019;0.000016;0.000013
thr,4,0,0,0,5,6,4,10,0.000045,0.000011,0.000013,0.000026,4.8,0.000045;0.000043;0.000043;0.000054;0.000063
thr-dual,4,0,0,0,5,4,6,10,0.000031,0.000009,0.000011,0.000012,5.0,0.000035;0.000037;0.000031;0.000026;0.000025
rand-m1,5,5,0,0,5,4,3,7,0.000026,0.000004,0.000008,0.000013,5.0,0.000026;0.000026;0.000031;0.000030;0.000022
rand-m2,5,10,0,0,5,4,1,5,0.000017,0.000001,0.000006,0.000006,5.0,0.000017;0.000017;0.000016;0.000016;0.000025
rand-m4,5,20,0,0,5,4,1,5,0.000021,0.000013,0.000011,0.000008,5.0,0.000035;0.000021;0.000016;0.000017;0.000030
pairs,6,0,0,0,5,3,8,11,0.000028,0.000002,0.000011,0.000008,5.0,0.000029;0.000028;0.000025;0.000029;0.000027
dual,6,0,0,0,5,8,3,11,0.000080,0.000012,0.000014,0.000050,5.0,0.000087;0.000080;0.000075;0.000075;0.000098
thr,6,0,0,0,5,20,15,35,0.000750,0.000213,0.000057,0.000607,5.0,0.001536;0.000654;0.000867;0.000750;0.000635
thr-dual,6,0,0,0,5,15,20,35,0.000408,0.000042,0.000044,0.000301,5.0,0.000479;0.000408;0.000412;0.000366;0.000370
pairs,8,0,0,0,5,4,16,20,0.000051,0.000007,0.000014,0.000020,5.0,0.000051;0.000057;0.000050;0.000045;0.000059
dual,8,0,0,0,5,16,4,20,0.000357,0.000042,0.000029,0.000272,5.0,0.000357;0.000336;0.000333;0.000409;0.000378
rand-m1,10,10,0,0,5,4,2,6,0.000019,0.000004,0.000007,0.000006,5.0,0.000024;0.000023;0.000019;0.000017;0.000019
thr-dual,8,0,0,0,5,56,70,126,0.011430,0.000336,0.000262,0.010575,5.0,0.010751;0.012275;0.011723;0.011387;0.011430
thr,8,0,0,0,5,70,56,126,0.017330,0.000118,0.000355,0.016104,5.0,0.017330;0.017365;0.017593;0.017247;0.016964
rand-m2,10,20,0,0,5,8,6,14,0.000078,0.000003,0.000021,0.000041,5.0,0.000081;0.000078;0.000075;0.000079;0.000076
rand-m4,10,40,0,0,5,8,1,9,0.000045,0.000005,0.000011,0.000021,5.0,0.000053;0.000045;0.000050;0.000043;0.000045
pairs,10,0,0,0,5,5,32,37,0.000099,0.000009,0.000023,0.000042,5.0,0.000110;0.000103;0.000099;0.000094;0.000093
dual,10,0,0,0,5,32,5,37,0.002386,0.000554,0.000075,0.001515,5.0,0.002789;0.001974;0.001821;0.002528;0.002386
pairs,12,0,0,0,5,6,64,70,0.000239,0.000063,0.000050,0.000099,5.0,0.000219;0.000221;0.000239;0.000288;0.000284
dual,12,0,0,0,5,64,6,70,0.008838,0.000098,0.000266,0.007272,5.0,0.008838;0.008808;0.008906;0.008953;0.008269
pairs,14,0,0,0,5,7,128,135,0.000661,0.000267,0.000146,0.000242,5.0,0.000548;0.000661;0.000860;0.001174;0.000593
dual,14,0,0,0,5,128,7,135,0.047159,0.000427,0.000566,0.042199,5.0,0.047581;0.047921;0.047154;0.047159;0.047019
thr-dual,10,0,0,0,5,210,252,462,0.530210,0.001294,0.003908,0.514751,5.8,0.531084;0.529188;0.531837;0.529790;0.530210
thr,10,0,0,0,5,252,210,462,0.760303,0.001959,0.003956,0.742714,6.5,0.759504;0.760303;0.762139;0.762781;0.760180
rand-m1,15,15,0,0,5,6,6,12,0.000057,0.000003,0.000013,0.000025,5.7,0.000059;0.000056;0.000049;0.000074;0.000057
rand-m2,15,30,0,0,5,13,10,23,0.000254,0.000039,0.000039,0.000175,5.7,0.000299;0.000286;0.000254;0.000247;0.000238
thr-dual,12,0,0,1,5,792,924,1716,31.226219,0.122156,0.054032,30.963032,10.7,31.333549;31.269209;31.132437;31.226219;31.147053
rand-m4,15,60,0,0,5,12,1,13,0.000099,0.000004,0.000017,0.000053,8.0,0.000106;0.000095;0.000098;0.000102;0.000099
thr,12,0,0,1,5,924,792,1716,43.603588,0.100912,0.067215,43.272388,10.5,43.720837;43.619479;43.603588;43.518567;43.344338
pairs,16,0,0,0,5,8,256,264,0.001857,0.000537,0.000170,0.000669,8.0,0.001412;0.001857;0.001949;0.001263;0.001952
dual,16,0,0,0,5,256,8,264,0.285845,0.001360,0.002200,0.263251,8.1,0.287052;0.285692;0.285845;0.285427;0.287268
pairs,18,0,0,0,5,9,512,521,0.002879,0.000308,0.000377,0.001821,8.0,0.003174;0.002879;0.002588;0.002866;0.003223
dual,18,0,0,0,5,512,9,521,1.905711,0.010126,0.011739,1.791923,9.5,1.898868;1.894239;1.905711;1.912384;1.908994
rand-m1,20,20,0,1,5,12,30,42,0.000374,0.000002,0.000077,0.000225,8.0,0.000373;0.000415;0.000375;0.000360;0.000374
rand-m1,20,20,1,1,5,12,8,20,0.000158,0.000024,0.000035,0.000089,8.0,0.000177;0.000183;0.000153;0.000158;0.000153
rand-m1,20,20,2,1,5,9,3,12,0.000062,0.000004,0.000015,0.000030,8.0,0.000062;0.000060;0.000069;0.000059;0.000064
rand-m1,20,20,3,1,5,9,4,13,0.000064,0.000006,0.000020,0.000029,8.0,0.000062;0.000068;0.000062;0.000064;0.000079
rand-m1,20,20,4,1,5,9,4,13,0.000066,0.000003,0.000015,0.000032,8.0,0.000070;0.000068;0.000064;0.000065;0.000066
rand-m1,20,20,5,1,5,13,18,31,0.000290,0.000028,0.000066,0.000192,8.0,0.000330;0.000290;0.000289;0.000318;0.000290
rand-m1,20,20,6,1,5,10,22,32,0.000217,0.000008,0.000049,0.000133,8.0,0.000223;0.000217;0.000189;0.000215;0.000249
rand-m1,20,20,7,1,5,8,18,26,0.000095,0.000002,0.000029,0.000044,8.0,0.000107;0.000095;0.000092;0.000096;0.000094
rand-m1,20,20,8,1,5,13,33,46,0.000761,0.000483,0.000091,0.000293,8.0,0.000761;0.000501;0.000449;0.001244;0.000984
rand-m1,20,20,9,1,5,14,40,54,0.000688,0.000080,0.000099,0.000495,8.0,0.000688;0.000611;0.001324;0.000740;0.000660
rand-m2,20,40,0,1,5,17,6,23,0.000281,0.000022,0.000041,0.000195,8.0,0.000296;0.000274;0.000270;0.000281;0.000301
rand-m2,20,40,1,1,5,14,2,16,0.000133,0.000003,0.000024,0.000072,8.0,0.000130;0.000133;0.000138;0.000133;0.000124
rand-m2,20,40,2,1,5,12,3,15,0.000109,0.000013,0.000024,0.000059,8.0,0.000102;0.000100;0.000115;0.000127;0.000109
rand-m2,20,40,3,1,5,12,4,16,0.000102,0.000003,0.000019,0.000052,8.0,0.000106;0.000102;0.000097;0.000099;0.000102
rand-m2,20,40,4,1,5,14,2,16,0.000127,0.000006,0.000025,0.000069,8.0,0.000132;0.000135;0.000126;0.000127;0.000123
rand-m2,20,40,5,1,5,14,10,24,0.000211,0.000013,0.000037,0.000127,8.0,0.000217;0.000211;0.000216;0.000203;0.000200
rand-m2,20,40,6,1,5,12,4,16,0.000128,0.000008,0.000026,0.000075,8.0,0.000128;0.000130;0.000122;0.000120;0.000157
rand-m2,20,40,7,1,5,14,4,18,0.000134,0.000002,0.000023,0.000076,8.0,0.000137;0.000136;0.000132;0.000134;0.000134
rand-m2,20,40,8,1,5,16,10,26,0.000375,0.000016,0.000054,0.000256,8.0,0.000386;0.000375;0.000379;0.000363;0.000347
rand-m2,20,40,9,1,5,11,3,14,0.000089,0.000002,0.000019,0.000046,8.0,0.000090;0.000088;0.000086;0.000089;0.000097
rand-m4,20,80,0,0,5,18,2,20,0.000214,0.000010,0.000038,0.000119,8.0,0.000224;0.000214;0.000206;0.000214;0.000224
pairs,20,0,0,0,5,10,1024,1034,0.005347,0.000275,0.000851,0.003073,8.0,0.005592;0.005197;0.005347;0.005472;0.005126
dual,20,0,0,0,5,1024,10,1034,14.142758,0.049761,0.065754,13.604005,11.5,14.142758;14.209785;14.183443;14.133682;14.068319
pairs,22,0,0,0,5,11,2048,2059,0.011801,0.000180,0.001821,0.006684,8.0,0.011911;0.012124;0.011620;0.011731;0.011801
pairs,24,0,0,1,5,12,4096,4108,0.025666,0.000178,0.004149,0.013916,9.3,0.025154;0.025641;0.026208;0.025666;0.025819
dual,22,0,0,1,3,2048,11,2059,109.238633,0.375514,0.300424,106.601155,18.9,108.910956;109.238633;109.661983
rand-m1,25,25,0,0,5,15,26,41,0.000597,0.000025,0.000147,0.000371,8.0,0.000607;0.000656;0.000582;0.000597;0.000539
rand-m2,25,50,0,0,5,18,12,30,0.000880,0.000449,0.000367,0.000229,8.0,0.001338;0.000676;0.000374;0.001125;0.000880
rand-m4,25,100,0,0,5,21,1,22,0.000340,0.000137,0.000039,0.000227,8.0,0.000429;0.000570;0.000340;0.000292;0.000289
rand-m1,30,30,0,0,5,24,1089,1113,0.233006,0.000771,0.003217,0.227661,8.2,0.230195;0.233006;0.234108;0.232563;0.233334
rand-m2,30,60,0,0,5,21,4,25,0.000471,0.000072,0.000050,0.000340,8.0,0.000487;0.000944;0.000415;0.000307;0.000471
rand-m4,30,120,0,0,5,27,4,31,0.000663,0.000256,0.000132,0.000380,8.0,0.001164;0.000889;0.000663;0.000633;0.000612
rand-m1,35,35,0,0,5,19,296,315,0.013800,0.000320,0.000672,0.012417,8.0,0.013831;0.013800;0.013511;0.013433;0.014130
rand-m2,35,70,0,0,5,25,24,49,0.000927,0.000310,0.000125,0.000473,8.0,0.000904;0.001214;0.000863;0.000927;0.001266
rand-m4,35,140,0,0,5,29,2,31,0.000921,0.000449,0.000077,0.000429,8.0,0.000921;0.000703;0.001325;0.000700;0.001152
rand-m1,40,40,0,0,5,25,294,319,0.008459,0.000118,0.000946,0.006873,8.0,0.008566;0.008198;0.008342;0.008460;0.008459
rand-m2,40,80,0,0,5,25,12,37,0.000694,0.000188,0.000098,0.000425,8.0,0.000694;0.001201;0.000760;0.000572;0.000555
rand-m4,40,160,0,0,5,33,8,41,0.000928,0.000313,0.000115,0.000643,8.0,0.000928;0.001507;0.001198;0.000885;0.000874
rand-m1,45,45,0,0,5,27,612,639,0.063746,0.000557,0.001917,0.060256,8.0,0.063163;0.063293;0.063746;0.063850;0.064397
rand-m2,45,90,0,0,5,30,48,78,0.001905,0.000327,0.000223,0.001453,8.0,0.002040;0.001905;0.001591;0.001994;0.001667
rand-m4,45,180,0,0,5,38,4,42,0.001299,0.000078,0.000120,0.000551,8.0,0.001325;0.001472;0.001247;0.001299;0.001127
rand-m1,50,50,0,0,5,30,342,372,0.056248,0.001983,0.001255,0.054125,8.0,0.055599;0.058294;0.057582;0.056248;0.054990
rand-m2,50,100,0,0,5,33,28,61,0.001884,0.000292,0.000195,0.001161,8.0,0.001741;0.002033;0.002320;0.001884;0.001659
rand-m4,50,200,0,0,5,43,6,49,0.001736,0.000097,0.000251,0.001033,8.0,0.001767;0.001566;0.001660;0.001757;0.001736
rand-m1,55,55,0,1,5,31,108,139,0.003234,0.000042,0.000501,0.002237,8.0,0.003422;0.003262;0.003234;0.003220;0.003059
rand-m1,55,55,1,1,5,33,150,183,0.016733,0.000108,0.000634,0.015603,8.0,0.016733;0.016751;0.016643;0.016625;0.016949
rand-m1,55,55,2,1,5,39,14268,14307,18.600757,0.380123,0.074637,18.480280,47.8,18.973676;18.593553;18.237160;18.600757;26.814901
rand-m1,55,55,3,1,5,34,12672,12706,23.656306,4.713125,0.058315,23.563665,45.4,32.015103;28.358257;23.645132;23.656306;22.543634
rand-m1,55,55,4,1,5,30,1872,1902,0.408550,0.000813,0.006312,0.396810,9.1,0.408550;0.409193;0.408380;0.405588;0.411936
rand-m1,55,55,6,1,5,31,774,805,0.023289,0.000366,0.002837,0.017870,8.0,0.023234;0.024187;0.023607;0.023241;0.023289
rand-m1,55,55,5,1,3,38,29886,29924,189.216199,2.200660,0.154379,188.950187,93.0,193.555069;189.216199;189.153748
rand-m1,55,55,7,1,5,33,402,435,0.038264,0.000075,0.001669,0.035407,8.0,0.038007;0.038192;0.038264;0.038294;0.038267
rand-m1,55,55,8,1,5,33,594,627,0.124728,0.000327,0.002385,0.120854,8.0,0.124728;0.123995;0.124567;0.124894;0.129619
rand-m1,55,55,9,1,5,27,432,459,0.025940,0.001395,0.001267,0.023796,8.0,0.026691;0.027566;0.025940;0.025208;0.025296
rand-m2,55,110,0,0,5,36,60,96,0.002633,0.000217,0.000328,0.001805,8.0,0.002577;0.002633;0.002487;0.002794;0.002902
rand-m4,55,220,0,0,5,48,12,60,0.001903,0.000011,0.000364,0.001222,8.0,0.002011;0.001911;0.001903;0.001900;0.001835
rand-m1,60,60,0,0,5,37,7216,7253,4.640348,0.005873,0.032600,4.581031,24.1,4.641112;4.635239;4.640348;4.645836;4.631951
rand-m2,60,120,0,0,5,45,381,426,0.023539,0.000158,0.002100,0.019494,8.0,0.023539;0.023561;0.023382;0.023376;0.023540
rand-m4,60,240,0,0,5,52,10,62,0.002193,0.000198,0.000229,0.001411,8.0,0.001937;0.002227;0.002000;0.002193;0.002198
rand-m2,65,130,0,0,5,43,144,187,0.005519,0.000126,0.000824,0.004059,8.0,0.005636;0.005510;0.005504;0.005519;0.005728
rand-m4,65,260,0,0,5,52,8,60,0.002012,0.000042,0.000301,0.001269,8.0,0.002051;0.002106;0.002012;0.001949;0.002009
rand-m2,70,140,0,1,5,52,2848,2900,1.751017,0.001976,0.018116,1.722486,15.5,1.751017;1.747384;1.750749;1.752725;1.768209
rand-m2,70,140,1,1,5,48,216,264,0.015368,0.000427,0.001329,0.013139,8.0,0.015368;0.015672;0.015730;0.015245;0.015183
rand-m2,70,140,2,1,5,48,432,480,0.019331,0.000122,0.002497,0.014780,8.0,0.019464;0.019331;0.019390;0.019268;0.019230
rand-m2,70,140,3,1,5,53,87,140,0.010420,0.000200,0.000786,0.008748,8.0,0.010559;0.010420;0.010637;0.010259;0.010359
rand-m2,70,140,4,1,5,55,4860,4915,7.932769,0.025054,0.033344,7.878708,20.9,7.916451;7.950098;7.923023;7.948077;7.932769
rand-m2,70,140,6,1,5,55,7752,7807,28.359229,0.041187,0.054755,28.267272,46.3,28.402386;28.359229;28.335049;28.330604;28.376236
rand-m2,70,140,7,1,5,58,189,247,0.049536,0.000234,0.001641,0.046875,8.0,0.049706;0.049432;0.049536;0.049472;0.049741
rand-m2,70,140,9,1,5,58,1292,1350,0.554526,0.008324,0.009803,0.539617,8.2,0.547541;0.557315;0.555865;0.554526;0.545744
rand-m4,70,280,0,0,5,58,32,90,0.002856,0.000040,0.000420,0.001835,8.0,0.002817;0.002917;0.002886;0.002846;0.002856
rand-m4,75,300,0,0,5,58,4,62,0.002345,0.000039,0.000213,0.001659,8.0,0.002187;0.002350;0.002345;0.002469;0.002311
rand-m4,80,320,0,1,5,68,12,80,0.003772,0.000031,0.000346,0.002671,8.0,0.003782;0.003686;0.003772;0.003748;0.003779
rand-m4,80,320,1,1,5,67,12,79,0.003233,0.000060,0.000353,0.002255,8.0,0.003233;0.003267;0.003189;0.003372;0.003207
rand-m4,80,320,2,1,5,70,375,445,0.068159,0.001238,0.003383,0.062787,8.0,0.069319;0.067896;0.068159;0.068081;0.070325
rand-m4,80,320,3,1,5,63,12,75,0.002846,0.000066,0.000300,0.001725,8.0,0.002796;0.002965;0.002846;0.002874;0.002808
rand-m4,80,320,4,1,5,65,18,83,0.003114,0.000048,0.000355,0.001868,8.0,0.003114;0.003132;0.003194;0.003011;0.003084
rand-m4,80,320,5,1,5,67,48,115,0.004176,0.000082,0.000740,0.002581,8.0,0.004151;0.004233;0.004084;0.004301;0.004176
rand-m4,80,320,6,1,5,70,288,358,0.025742,0.001633,0.002767,0.021135,8.0,0.025742;0.025566;0.027310;0.025677;0.027421
rand-m4,80,320,7,1,5,68,32,100,0.004320,0.000099,0.000631,0.002722,8.0,0.004251;0.004472;0.004162;0.004320;0.004350
rand-m4,80,320,8,1,5,66,231,297,0.018917,0.000138,0.002255,0.014952,8.0,0.019605;0.018813;0.018917;0.018951;0.018751
rand-m4,80,320,9,1,5,73,144,217,0.033216,0.000131,0.001623,0.030420,8.0,0.033216;0.033187;0.032955;0.033358;0.033318
rand-m2,70,140,8,1,5,57,7320,7377,32.615535,0.078649,0.052063,32.530438,49.2,32.588821;32.615535;32.528639;32.674751;32.667470
rand-m2,70,140,5,1,3,64,10056,10120,127.180776,0.018576,0.087179,127.047547,62.0,127.180776;127.171750;127.208902
rand-m2,75,150,0,0,3,59,23792,23851,137.015197,2.309960,0.178396,136.722692,121.9,141.570662;137.015197;136.950742
